{"cameraMode":{"drawMode":0,"name":"Shaded","section":"Shading Mode"},"sceneLighting":true,"audioPlay":false,"sceneViewState":{"showFog":true,"showMaterialUpdate":false,"showSkybox":true,"showFlares":true,"showImageEffects":true,"showParticleSystems":true},"in2DMode":false,"pivot":{"x":29.601016998291017,"y":83.19903564453125,"z":25.20418930053711},"rotation":{"x":0.5893494486808777,"y":0.012118874117732048,"z":-0.008853421546518803,"w":0.8077829480171204},"size":22.0,"orthographic":false}