{"cameraMode":{"drawMode":0,"name":"Shaded","section":"Shading Mode"},"sceneLighting":false,"audioPlay":false,"sceneViewState":{"showFog":true,"showMaterialUpdate":false,"showSkybox":false,"showFlares":true,"showImageEffects":true,"showParticleSystems":true},"in2DMode":false,"pivot":{"x":50.02164077758789,"y":30.85881805419922,"z":3.1985461711883547},"rotation":{"x":-0.3441541790962219,"y":-0.14508390426635743,"z":0.05393123999238014,"w":-0.9260860681533814},"size":9.052217483520508,"orthographic":false}