{"cameraMode":{"drawMode":0,"name":"Shaded","section":"Shading Mode"},"sceneLighting":true,"audioPlay":false,"sceneViewState":{"showFog":true,"showMaterialUpdate":false,"showSkybox":true,"showFlares":true,"showImageEffects":true,"showParticleSystems":true},"in2DMode":false,"pivot":{"x":52.69014358520508,"y":29.175662994384767,"z":2.629875659942627},"rotation":{"x":-0.11177512258291245,"y":-0.6225731372833252,"z":0.09048521518707276,"w":-0.7692490220069885},"size":5.000546455383301,"orthographic":false}