{"cameraMode":{"drawMode":0,"name":"Shaded","section":"Shading Mode"},"sceneLighting":true,"audioPlay":false,"sceneViewState":{"showFog":true,"showMaterialUpdate":false,"showSkybox":true,"showFlares":true,"showImageEffects":true,"showParticleSystems":true},"in2DMode":false,"pivot":{"x":87.96913146972656,"y":11.703263282775879,"z":80.70114135742188},"rotation":{"x":-0.12820471823215486,"y":-0.2336103320121765,"z":0.031109141185879709,"w":-0.9633612036705017},"size":101.83402252197266,"orthographic":false}