{"cameraMode":{"drawMode":0,"name":"Shaded","section":"Shading Mode"},"sceneLighting":true,"audioPlay":false,"sceneViewState":{"showFog":true,"showMaterialUpdate":false,"showSkybox":true,"showFlares":true,"showImageEffects":true,"showParticleSystems":true},"in2DMode":false,"pivot":{"x":47.05924606323242,"y":19.125455856323243,"z":14.0216703414917},"rotation":{"x":0.3497133255004883,"y":-0.01683964394032955,"z":0.006317159626632929,"w":0.936732292175293},"size":37.35466003417969,"orthographic":false}