{"cameraMode":{"drawMode":0,"name":"Shaded","section":"Shading Mode"},"sceneLighting":true,"audioPlay":false,"sceneViewState":{"showFog":true,"showMaterialUpdate":false,"showSkybox":true,"showFlares":true,"showImageEffects":true,"showParticleSystems":true},"in2DMode":false,"pivot":{"x":60.199851989746097,"y":33.02438735961914,"z":8.655669212341309},"rotation":{"x":-0.06237156689167023,"y":0.7254230976104736,"z":0.06635664403438568,"w":0.6823137998580933},"size":22.0,"orthographic":false}